Longitude,Latitude,Date,Season,Farm_Size_Hectares,N,P,K,Soil_Type,Cultivated_Crop
71.51087988111487,33.712340624570835,2024-08-06,Kharif,19.360672221978124,113.77857441339424,28.661000802210314,11.442746368511264,Arid,Fodder Crops
76.42634088412267,22.36593258491216,2024-02-18,Rabi,15.899636681493238,29.915051359336402,23.065317893625128,115.07869416319069,Alluvial,Green gram
77.71890144181461,31.494425129056555,2024-04-11,Zaid,14.893115102433178,21.83307124732828,52.32932078839103,17.50792053167155,Arid,Spices
77.05117043760224,14.596315547913312,2024-05-16,Zaid,18.234568302057873,69.03413485206516,13.479559738256064,26.14067196470265,Alluvial,Oats
82.07953208046041,25.696705343560964,2024-04-26,Zaid,3.725423346817119,69.02702632086894,20.290789518388163,59.186578673569265,Arid,Spices
88.33270737580185,20.92367501435539,2024-08-22,Kharif,10.045097932304781,128.34286998410778,55.061120237439404,60.48901010325128,Black,Tomato
72.11130494788654,9.471987998904403,2024-09-06,Kharif,15.314367701304821,33.78018025092022,38.53525216251184,115.2861460626471,Arid,Fodder Crops
68.03749317675084,25.938936959354415,2024-06-17,Zaid,2.5302337449999484,82.6732123060712,24.794988749358577,67.89786001492389,Black,Watermelon
76.70617369987116,32.89056152836781,2024-11-01,Rabi,3.645997161585147,82.86494350654556,52.14923310086298,98.33129674285348,Saline,Cotton
91.899634625648,24.248221863145226,2024-05-09,Zaid,14.845755056927,45.93154214384873,19.083562056717106,107.63868413816472,Saline,Millet
82.1462047504181,24.581579671833484,2024-06-11,Zaid,19.944125996268106,87.6574454124073,49.36636505528422,19.4563804086506,Laterite,Cucumber
82.26734770869102,16.55208224750031,2024-06-03,Zaid,14.148016751993708,97.04283658333954,16.19303480671457,102.11117426979627,Saline,Fodder Crops
74.10837223792227,28.394239964118803,2024-01-08,Rabi,14.268248360041824,32.56979804830226,18.63995809726667,70.03301872222855,Arid,Spices
77.34711489594461,16.554807556912117,2024-11-27,Rabi,10.425638577101154,92.6849282158332,20.368332437522465,45.160904693854185,Laterite,Black gram
68.74778439801881,23.49949986612531,2024-05-04,Zaid,5.985262957856415,98.80826209043258,14.486952625683665,18.376678371476807,Laterite,Citrus
95.24878501022268,34.50582230822899,2024-03-20,Zaid,15.520460462967876,110.97857996529352,23.263903566773894,49.52185086291016,Red,Spices
86.02897019024577,28.14411106820394,2024-07-02,Kharif,10.100191004347408,132.20186589133078,54.856389819041176,78.42823528451217,Black,Peas
70.77104844737079,13.847901882772877,2024-09-24,Kharif,15.43500144982225,34.81647981828041,52.33243330257722,115.80289179814987,Arid,Sesame
87.40737478073302,34.130429318502635,2024-01-03,Rabi,10.910594434198956,141.23452452788464,33.611148721306776,67.1612942208611,Peaty,Mustard
79.45224726235435,26.665674850745006,2024-07-25,Kharif,11.878049549004338,128.28532205964467,32.52367319669365,12.648690200245458,Alluvial,Eggplant
77.14414760815775,18.585620326562776,2024-05-03,Zaid,10.153965527293858,110.98015418939568,54.68963299305826,71.59842863218968,Black,Cucumber
80.16695906999297,9.701222959335427,2024-04-03,Zaid,3.8201188553434737,31.01871797345921,11.321162388542302,113.4023482975494,Laterite,Grapes
96.9446757264812,30.099755296177623,2024-06-06,Zaid,13.124257016412612,127.22218753880105,29.087312723435325,57.94284202288496,Black,Berseem
84.75437614551574,31.74275804711749,2024-08-23,Kharif,6.998984703129894,94.89013806641324,36.18597917680623,67.89380538345904,Black,Potato
95.86129590436514,36.82285828981982,2024-12-25,Rabi,2.4180122858237736,119.81998264311584,15.003007580223914,85.81801278697797,Red,Toor
89.82499496483325,35.24487596118675,2024-04-05,Zaid,9.402139405839831,93.18231200140463,42.40823465430139,18.581157649677913,Black,Oats
83.16277785973597,14.27302428040678,2024-04-06,Zaid,6.9020817532772005,70.32741258993443,32.44686337021807,60.758873085627904,Peaty,Papaya
71.54853586824115,26.41303761161681,2024-11-07,Rabi,8.756452768275256,63.62847541862249,43.523174555376194,60.03231423857124,Alluvial,Groundnut
81.53977337599326,18.87983431605321,2024-12-16,Rabi,0.7391764184241423,76.70364587201209,23.819290066351165,90.43651322642468,Arid,Fodder Crops
76.96947323472999,13.902780339477793,2024-03-30,Zaid,10.453659125764387,74.98693780059108,34.6119720060216,38.374722825609396,Peaty,Berseem
73.70388883439404,36.56166121307942,2024-08-06,Kharif,14.403160765172977,61.118506897418115,37.750456845408436,60.19221589533744,Red,Coffee
72.69322858948657,24.916807709631627,2024-05-09,Zaid,7.358467663055936,109.2595617896887,36.70310230281759,103.64423236081599,Saline,Millet
83.31135020368495,22.150850982253665,2024-12-15,Rabi,13.78754511324165,29.91082736728079,43.043679137528855,64.60272342581025,Red,Sunflower
83.62156030116996,13.292943720374769,2024-02-13,Rabi,2.8096007417335676,28.02620022917292,39.03531534582334,76.67164036061885,Arid,Sesame
95.47742797621038,29.62712685203805,2024-10-28,Kharif,18.23751378603599,93.15596740427158,17.219595782458832,19.029864239924706,Peaty,Banana
84.59744658346082,8.608391319779296,2024-11-06,Rabi,15.411328151898548,105.75378803631635,24.274022626804342,46.32093665153199,Alluvial,Oilseeds
92.3967745077734,15.678080637100924,2024-05-11,Zaid,19.509564982473478,106.27544044837828,8.950981847725709,86.52750234322986,Black,Napier grass
74.04357437463413,8.334051456600195,2024-12-22,Rabi,7.876370312265156,110.4066844705899,40.22056449703568,98.61013129429995,Arid,Sesame
91.1592310732949,26.610382500265363,2024-04-09,Zaid,8.794736433836672,41.21746125342241,50.408392271313396,86.84117242807832,Peaty,Spices
82.54189096537242,26.224492943701826,2024-09-04,Kharif,3.0360335041358653,59.304763656362,42.02571445167324,89.1177067256509,Saline,Fodder Crops
70.6919597029686,27.53869822110903,2024-10-13,Kharif,16.238655903458664,112.15142114676387,5.58595694588136,46.74338380422127,Peaty,Eggplant
75.17670027397274,22.45350927492135,2024-07-07,Kharif,17.610491198573406,138.03970106532915,15.105373914489336,8.681187417071131,Peaty,Bajra
86.8314467596346,22.903901618138992,2024-10-16,Kharif,4.718611078075815,120.46351628790734,59.175265642020484,112.83693695039352,Red,Ragi
76.33117043317796,33.36113171987492,2024-04-22,Zaid,19.1570469718889,116.19690163447872,34.697856655295304,70.37661508914458,Saline,Spices
90.87899160654209,17.808080182135917,2024-07-21,Kharif,8.83750952843532,125.96611479780947,50.05067684168919,68.53518086015322,Black,Pineapple
76.13852453448334,36.48528873397654,2024-03-21,Zaid,12.45720608685193,103.33736986489947,5.554669208702462,9.48003770972494,Arid,Sesame
89.56076071507273,10.721842929413498,2024-11-02,Rabi,16.16970536760472,41.41712193162623,19.049533714582715,26.145158261657496,Black,Field peas
69.40390065496796,10.62284546794239,2024-01-10,Rabi,18.363708955085837,43.6465651831122,27.22914576650371,12.458778386930135,Peaty,Chana
96.02307878025624,31.442910335853167,2024-06-14,Zaid,1.0727914449653118,138.9751049751365,35.96405740150033,64.91734991556437,Laterite,Orange
86.3479333836361,8.955686365812484,2024-03-13,Zaid,10.559331480173288,97.70910627684361,51.540424133307276,112.18689312549309,Black,Turmeric
81.75380686324804,35.02348355753162,2024-06-25,Zaid,9.220454160687824,121.3883309857502,41.33154306917996,117.36251830413717,Arid,Fodder Crops
78.24178809274412,30.16624495967846,2024-10-05,Kharif,12.062966474729143,130.6028498345459,30.28872094915366,43.15346606608331,Laterite,Tomato
87.68079717152024,23.2311716631448,2024-03-01,Zaid,14.18542230259472,103.12905651927275,17.37665071980193,34.378366304009674,Saline,Millet
81.51728118577348,9.167657592645401,2024-06-03,Zaid,9.67403307028254,51.36791079112905,8.096107831900262,23.83189395935368,Alluvial,Papaya
80.85880683030935,19.776887759544557,2024-06-18,Zaid,5.597896731054683,119.55067443039385,17.035988610042022,68.33792101075645,Arid,Sesame
70.54338316547553,13.541816339767369,2024-09-14,Kharif,6.662647431829209,126.52236457455713,29.813703875356595,56.85855479078756,Laterite,Cotton
91.06201187064927,12.138078472732937,2024-09-05,Kharif,17.527691844248046,137.47371994248374,27.84765746934456,56.06699334731029,Red,Soybean
75.50229428535758,20.14553214427182,2024-02-19,Rabi,4.938235682290636,106.66098334467361,36.35245590606391,81.95061650545729,Saline,Cotton
94.5641058583522,32.15681300482285,2024-01-11,Rabi,8.290797339598853,105.21022289751991,48.06951830460245,112.79449459100857,Arid,Cotton
72.60070556660128,28.383254405686557,2024-12-06,Rabi,3.628486772328593,89.65593736065529,31.93860139776028,98.78059475079404,Saline,Cotton
89.93188352826958,30.719599170830783,2024-05-23,Zaid,19.911425471796527,81.79813466939282,56.42708793693185,90.3443482788021,Black,Berseem
92.79395497898744,21.386723044269583,2024-02-23,Rabi,10.736701255920948,117.73818562387933,27.056451403085063,103.84809410176626,Arid,Cotton
68.31877705366203,17.247024132240966,2024-05-11,Zaid,4.266417066667449,88.81707032154249,8.528661824055629,80.39654176747705,Alluvial,Orange
90.18218353309459,15.206185151825894,2024-05-09,Zaid,15.215722348572456,38.87080457083048,11.966599488511338,58.98130526210057,Saline,Cotton
86.1986871075254,21.881990397358564,2024-06-12,Zaid,12.818138244810878,108.558340516861,27.685358541638216,105.27832578494167,Black,Cardamom
89.4788587989153,10.140194380359944,2024-12-03,Rabi,6.250924323569191,102.14337421761931,33.687478033388224,49.51445354702059,Peaty,Chana
70.19624987695384,28.193781869814806,2024-04-17,Zaid,15.456262159138605,110.37173880221007,47.71317603981549,21.794329460981913,Red,Cumin
73.03758975838787,24.159662364278194,2024-07-16,Kharif,16.373544136475196,148.25587326725682,56.90387063805681,88.79655198300895,Laterite,Eggplant
79.18413052424381,23.12159203189133,2024-10-13,Kharif,11.45275260914442,117.05218680898211,11.558010922134091,51.04430299679409,Laterite,Cotton
79.83272179530135,24.40098864552123,2024-03-31,Zaid,18.649043791228095,53.33285220619367,37.15583683235435,44.03095618028118,Laterite,Coriander
84.18749546918482,9.386612463437213,2024-06-02,Zaid,4.519179870709538,42.3856520750302,43.43321708877315,42.83049708714635,Saline,Spices
89.52629856322861,27.82388595783608,2024-07-30,Kharif,4.366750331771948,59.60059136983463,11.70434547444814,119.13517539632407,Laterite,Rubber
78.8064227809607,12.196451638085477,2024-09-12,Kharif,7.151452557778825,88.99656796302077,49.883650597141774,97.13633004415199,Red,Soybean
84.12498642180827,16.5860724930656,2024-09-06,Kharif,3.22165663198625,61.27266136241311,17.44303371783884,46.379188142292115,Saline,Spices
74.42030007670493,27.79496673558531,2024-09-16,Kharif,4.850011488102607,102.88567329633901,8.030083662708748,44.26264562216209,Alluvial,Rice
76.57344709644292,29.809728424971834,2024-07-01,Kharif,15.039369985407761,105.14143812679937,14.501553899547838,110.31825262137967,Red,Onion
69.50453958557857,35.749887817165984,2024-01-16,Rabi,19.52104063902851,83.75345387625521,11.402859608062148,41.12212491334254,Saline,Cotton
74.69594010105635,25.53961696844185,2024-12-11,Rabi,5.320456432770908,34.14984960464949,15.7885090511816,26.712188952909585,Peaty,Urad
87.20921623272922,23.76999393377087,2024-04-06,Zaid,17.451815597166924,114.4067885916383,17.234875653375944,89.30570260591338,Red,Berseem
78.49983167816042,35.66798441580123,2024-01-13,Rabi,6.27844646334782,41.011787481174466,13.571142863438979,51.51753782105266,Black,Wheat
76.03876443473496,20.59873389233732,2024-10-26,Kharif,16.383640811229583,113.57748682849659,54.718412588692495,44.62483776471919,Laterite,Safflower
91.84398351022585,35.420611500375,2024-02-17,Rabi,10.540623219390055,136.43235942478373,45.48803001100431,66.23686675009526,Peaty,Wheat
83.56668524225447,32.02944214874504,2024-02-02,Rabi,2.520623140199072,100.8217989817938,21.04948633223001,84.16165238929037,Saline,Spices
87.12940243569878,10.533548381747384,2024-04-08,Zaid,7.283456523171365,137.1743204492304,53.36504469798008,5.727089130304367,Alluvial,Turmeric
79.80489888923351,26.740921875350462,2024-03-22,Zaid,11.13130124753848,45.71804763547364,57.023603132542235,82.32854576042115,Black,Black pepper
80.87003241929118,9.819385177528556,2024-04-07,Zaid,17.16392302384471,100.7646431437928,13.577227425915227,102.86146510092861,Red,Turmeric
79.530760176621,18.17694367204006,2024-01-25,Rabi,10.282510459999195,53.75414335394132,19.339635902118175,21.58328020102147,Red,Lentils
80.50080035130071,14.128619197154231,2024-07-06,Kharif,14.738603256056393,108.07074876413441,53.1681320266971,67.61398894084655,Saline,Spices
79.27747396519862,19.03303415241016,2024-02-17,Rabi,17.188448826809132,50.11741322726902,38.47960014074097,50.1206663974098,Peaty,Chickpeas
94.64667496706215,19.746075911264178,2024-08-08,Kharif,14.61864173314375,38.24376990466459,37.110856453429,16.340104045776528,Saline,Sesame
85.18330487891217,21.251885580261757,2024-07-27,Kharif,17.5556382796911,129.56428367327334,37.599079985882724,74.9075073248009,Black,Lucerne
88.13313615573108,17.4566981343178,2024-11-07,Rabi,19.877223226782277,71.33461232560302,38.69571750978034,87.13683908823009,Peaty,Mustard
77.75518534720506,11.032625091714214,2024-05-11,Zaid,7.897021717669341,109.70324482498266,33.862003002297186,44.404435673143105,Laterite,Pomegranate
87.10457365702571,29.647070492462113,2024-04-20,Zaid,14.062435058637252,93.1327785573428,14.284177320074992,59.05905296256502,Alluvial,Grapes
72.83080112182323,28.479402461215226,2024-01-15,Rabi,1.9075619465260205,28.010941297010557,55.58091620791794,36.611653573155856,Red,Pigeon peas
93.74533740210072,21.68432938559519,2024-09-27,Kharif,19.864293425455344,81.7796668005716,57.82284776279603,54.54201757797091,Arid,Millet
95.3031909097797,36.028702886588846,2024-07-22,Kharif,16.363103410273325,136.45991045624984,33.053874542504545,91.39041926580106,Alluvial,Fodder Crops
81.44649722430246,26.78858897261763,2024-10-30,Kharif,17.39059998848342,116.65482526353514,27.173128464376763,34.44912290730822,Alluvial,Millet
93.61206076139472,31.470521545661068,2024-04-22,Zaid,11.84526670923548,136.4460295095871,10.918305597195335,117.32881985667773,Alluvial,Berseem
89.59783146237126,11.08945615193459,2024-11-03,Rabi,4.965399774485031,40.804293364301294,21.163095792923787,97.55911426416091,Peaty,Moong
86.19109501996918,29.207395368248044,2024-05-07,Zaid,14.399623067161079,83.63100843137659,59.05908122700301,10.317207195842062,Laterite,Grapes
81.22564393622636,32.12235619542716,2024-05-25,Zaid,1.1610333211905077,128.0732948926401,25.88885041236629,92.08645179366314,Peaty,Watermelon
82.43374854109543,29.900661193127647,2024-02-13,Rabi,14.304250821585832,56.54779024860109,57.67321184198819,26.925233889134997,Saline,Sesame
88.1478163158496,16.16595226718735,2024-03-06,Zaid,4.912282127520849,127.93268373596095,57.27575337371736,31.136099394375464,Saline,Millet
94.33837545061584,17.126276370856324,2024-04-07,Zaid,19.23223796219704,126.22576358206445,9.124221709113886,88.06503231326657,Alluvial,Papaya
75.30331427943442,33.654210050444135,2024-07-21,Kharif,5.856627300934502,23.436110274300063,24.499550729894906,56.59827937885952,Black,Cotton
75.07580827239447,33.21352596409622,2024-07-03,Kharif,1.1460892699015746,126.43408569223917,44.957629844794575,30.268663971117075,Arid,Spices
89.93783485347,9.856522630409891,2024-02-16,Rabi,12.59948702482471,127.07746832192899,19.671195895137423,35.02312737937246,Red,Chana
88.19404185419519,33.94158069133436,2024-02-23,Rabi,5.072682793185155,93.20182123669102,41.199881346506565,11.493785010328347,Red,Field peas
83.63194931657382,8.57769768032332,2024-04-30,Zaid,10.339237797919536,59.69477808587298,56.68783143049403,21.99985487262561,Black,Spices
80.23228162057042,12.361733444350424,2024-11-24,Rabi,13.290449122955964,54.0865504529937,42.92809737129216,91.80938949162085,Alluvial,Black gram
92.33669158943886,18.41939288090785,2024-04-13,Zaid,11.921549112285478,49.0708973395252,22.330732602401824,98.00293903442879,Alluvial,Coriander
75.74381735771505,13.534143992382091,2024-06-25,Zaid,8.025620060863048,28.661153562154666,22.432003732331278,45.097653364987046,Saline,Cotton
78.95682433889229,31.01533925790376,2024-07-11,Kharif,10.582119730714325,103.22641764504883,48.7388922330786,25.577616489457128,Saline,Spices
83.24277722716798,9.17574607321052,2024-02-24,Rabi,13.117156794611304,147.76719626680477,49.18181874500837,70.1947392585785,Black,Toor
90.17301484571146,17.71757639091235,2024-12-07,Rabi,13.503697158936546,112.31054171013017,12.063302735407978,18.899062398029564,Saline,Millet
95.23707432542058,29.659682384092545,2024-11-09,Rabi,18.704417221776044,116.56855940714098,31.64749516640681,37.49050351712197,Arid,Millet
87.75710352491292,19.064170691124538,2024-10-09,Kharif,1.2389621095669532,37.093888463463166,54.50029596708101,115.77338946222953,Alluvial,Eggplant
91.96248406526603,30.214823986336892,2024-03-11,Zaid,8.913476239812436,20.741929928254475,56.56728483325845,11.70440326064834,Laterite,Cucumber
96.10278524175209,17.776960713055978,2024-03-06,Zaid,11.294393841083469,63.016659603941385,51.535951648689895,95.75393947310639,Black,Berseem
78.86695898591516,8.585085909589228,2024-12-05,Rabi,3.6240573733392867,58.00524964881513,59.102300927743904,80.17416128870966,Red,Black gram
84.35581519110534,14.221904033037033,2024-07-21,Kharif,8.372838934502827,141.34951768739688,32.83032385194565,8.627338988523167,Saline,Spices
76.10164571362458,35.92732966156406,2024-06-19,Zaid,9.75451193715859,149.53167429379567,33.41002983890618,59.15865275785985,Arid,Cotton
94.77255676834547,31.494154276206267,2024-08-30,Kharif,3.8957769943715665,56.58489545049159,20.030998462496473,34.874782559517946,Peaty,Rubber
70.94188403761163,12.405905204805272,2024-05-28,Zaid,15.318310657614372,73.05289601654621,40.486430797687625,49.404449982937244,Alluvial,Vegetables
94.87285153551794,14.17562300639512,2024-07-04,Kharif,4.559324731846729,140.28079575220812,42.60238376514574,35.727097520685646,Alluvial,Garlic
92.25237485930386,8.885314642429249,2024-11-05,Rabi,13.661274437370484,80.33675137189155,25.561190665203082,102.57436525590506,Red,Lentils
90.94201271465586,20.60992781177566,2024-12-25,Rabi,9.225129113041595,92.3398963144845,7.69249424607398,105.7554147656239,Red,Urad
92.37496295891316,17.208623907104823,2024-06-16,Zaid,19.981886143607067,25.461756799218485,9.32795470163978,15.85987364402444,Saline,Cotton
84.65604716977785,11.91013361016569,2024-03-31,Zaid,13.833899787619762,47.804179757943025,17.213669058546387,39.89300492187881,Laterite,Oats
82.33905005955275,18.282403567694505,2024-08-01,Kharif,16.946849525305232,35.887702815715194,50.71265755879179,72.52389523806252,Peaty,Chili
88.02463626235001,11.823295434290813,2024-12-27,Rabi,1.2345700257895498,139.55202090476615,26.553996677984628,77.05140080143921,Laterite,Chickpeas
74.85207441156348,26.6286235222729,2024-11-10,Rabi,6.277882990055227,75.95655006092102,24.57369024228128,87.11375554644846,Red,Toor
80.87020229487605,25.434975530068908,2024-11-18,Rabi,18.40819944564257,131.79760714272135,24.579845506458053,51.222111176245235,Laterite,Groundnut
96.20298393644568,19.13738683514073,2024-12-11,Rabi,4.1297560812363,44.615213559095864,7.801096337123398,79.45320723974177,Red,Peas
72.76150230156892,19.186469704592916,2024-11-29,Rabi,19.062641309822297,87.40891869677719,58.04436495713209,63.698260503626116,Alluvial,Barley
87.51320778985358,19.980736238125544,2024-11-30,Rabi,4.159941281097495,122.30009980593366,36.98538904295816,106.68508123291906,Peaty,Toor
93.47126408673233,18.173770610491403,2024-07-12,Kharif,7.734548513625814,41.3320890612319,46.28726177610111,101.24827489845558,Black,Sugarcane
68.19264109564855,13.426282294986553,2024-01-06,Rabi,13.330270130090774,24.72960215219124,51.654487890674176,66.74929401287885,Black,Masoor
89.41469758767647,21.144723552649282,2024-12-06,Rabi,18.80739823540006,75.60767404111435,57.40554541673953,15.191944713511933,Saline,Cotton
85.30236901212876,14.789320845681441,2024-08-15,Kharif,7.004541788075642,55.465891594859144,12.438014993448038,80.91353309201762,Black,Jowar
96.3175434431389,35.896264061303974,2024-03-29,Zaid,6.460250042649462,136.60691700002795,27.821705907797575,116.1052901307557,Laterite,Cumin
69.68274067407174,20.59777714193391,2024-08-23,Kharif,1.1282584485181644,73.54030601882147,54.726769601887916,82.82891801472044,Alluvial,Coffee
86.73657465979728,19.910944730256578,2024-01-27,Rabi,12.104617493057166,73.04645992066625,42.64324338934885,62.105972485440795,Red,Oilseeds
87.99730868828318,18.784945884016807,2024-04-20,Zaid,3.965698480179566,119.49857671413899,36.283127160107355,102.40145375130783,Arid,Cotton
75.94182899280857,28.763631273093203,2024-04-08,Zaid,14.566319869254961,117.36826115658626,41.3176754388336,78.21819248020276,Arid,Cotton
86.64787764397238,24.420771103838916,2024-09-05,Kharif,8.493838788168684,85.50550100639379,27.30093915711544,55.65140601045902,Laterite,Sorghum
91.6770444242695,21.977818247437074,2024-04-21,Zaid,6.965338285128295,58.918499792118894,22.51194818238341,28.717356211792822,Laterite,Orange
83.74607443438069,31.85580183988708,2024-07-21,Kharif,8.700245074785242,33.048138815313834,51.1020656761614,6.456220468876755,Alluvial,Tea
76.03573664954516,13.374555387616255,2024-08-17,Kharif,6.816624610903846,44.469135336758264,11.859792200707941,60.231448370221834,Laterite,Cotton
78.98275209702857,32.96219845164562,2024-01-23,Rabi,13.153408067435825,148.75093709533516,34.26978761425156,100.47513088714571,Black,Lentils
89.0391645448611,36.66033141469849,2024-09-22,Kharif,18.292743274903284,132.10314355519506,45.38344938247752,85.21380667934545,Saline,Millet
80.95449320988969,33.12998156466561,2024-12-09,Rabi,14.085421362881627,21.25247313253403,16.11528516488739,48.102055172064404,Red,Lentils
81.10624779618294,31.608379862446036,2024-10-09,Kharif,10.948633756854884,136.47653781230358,33.70470321645216,94.38163286587034,Peaty,Coffee
82.07899790065125,14.378662849308217,2024-08-15,Kharif,2.986727850799653,107.63030804831158,49.30816009887624,60.88955816286179,Peaty,Fodder Crops
85.00488490542877,30.231440727947458,2024-12-03,Rabi,15.646433269682113,79.05438144194767,11.052809208236015,104.17784496564165,Arid,Fodder Crops
73.29457234702649,34.055280670185326,2024-03-28,Zaid,17.209944823972357,68.8777635460271,9.580546177726161,70.53962772171735,Peaty,Watermelon
96.1702316907045,8.246623758812888,2024-10-02,Kharif,18.36824627970769,63.62534529295462,55.30452422049248,99.36907708364473,Red,Coffee
77.56537340040725,23.085333397888654,2024-05-27,Zaid,2.3720567896298155,96.10427652280659,18.248582321278462,112.19492015708539,Peaty,Fodder
94.24219979883644,26.59742562115696,2024-11-28,Rabi,3.9076705380127486,131.9815347767675,38.74029258962317,112.53239423454781,Arid,Spices
77.2727278418088,17.07148316323955,2024-05-18,Zaid,11.40061703772752,70.91320347485009,33.18707916745893,32.74703689616369,Black,Cumin
82.1996374231699,13.654135962347407,2024-09-26,Kharif,17.26990823655748,47.83115036074568,16.671782442313834,21.356529703050207,Arid,Fodder Crops
76.68155580091064,15.830271523997492,2024-03-05,Zaid,19.962633771965333,95.93376227907859,47.309214874824264,110.48907761180152,Peaty,Oats
84.77351313227379,21.5672365035434,2024-08-03,Kharif,7.576327267453658,134.08588898974867,9.287151219833955,57.765536518797845,Alluvial,Tea
91.13325874769849,25.329937159348784,2024-12-13,Rabi,3.6003408440316136,96.08242522295932,59.555301802568586,30.44105290756868,Red,Moong
69.1866836598667,33.814766404563045,2024-10-23,Kharif,11.207725778389591,134.1471654464305,19.960370148089453,59.18180806769848,Alluvial,Garlic
95.8745458330197,17.404007657841014,2024-11-17,Rabi,12.349841509733993,77.50502760314333,44.601774520994276,70.03565026220869,Saline,Millet
77.0611221233033,26.86745219215191,2024-01-24,Rabi,18.263056653972463,127.6506454480237,59.18155633475101,22.000381356604837,Red,Pigeon peas
91.41932556530593,33.326457495759456,2024-02-03,Rabi,1.3593938376871644,28.764906607268983,20.514088266219495,46.349009966524726,Laterite,Barley
85.4006728296877,18.24813219254328,2024-06-23,Zaid,18.54719382276381,36.68561766677286,16.525946941833627,68.69569193238559,Laterite,Turmeric
74.88727556370131,27.85999909174994,2024-06-17,Zaid,17.54351936500154,24.99633726028861,53.780541938443065,77.33002808763156,Alluvial,Turmeric
70.37414636401272,17.418310066213444,2024-04-23,Zaid,15.167387079382626,114.79441859082502,45.497146351932216,61.13293959223129,Red,Napier grass
91.49339898578069,29.625837339090662,2024-02-07,Rabi,14.816925382275567,61.40571920149975,10.491803227678705,93.31209972731624,Laterite,Barley
74.60043982932457,14.009866633235736,2024-11-12,Rabi,18.897354876785364,25.451360791690238,13.980548011735067,12.472108800484822,Black,Wheat
76.9959827189387,12.16937987504059,2024-05-27,Zaid,19.59681475757792,47.796013425495765,43.73121199159326,103.85314019356505,Red,Lemon
81.8331995485797,21.701062501631075,2024-07-25,Kharif,19.989243269669874,106.5250048971765,49.53269316918597,99.26787502228993,Arid,Sesame
84.0050008382785,30.16164327701724,2024-01-03,Rabi,8.171174237384175,55.105115857847025,44.71528379137395,23.79254969588279,Arid,Cotton
91.23379483472364,11.693587690791931,2024-07-14,Kharif,16.55290897826385,118.95147606962308,23.15744767821425,36.06799923543255,Alluvial,Fruits
79.56420991330012,35.51246285883837,2024-07-10,Kharif,13.796895428116084,130.36608415787043,33.24307822023857,105.43926714615033,Alluvial,Rice
76.29298194399985,12.210544907935564,2024-01-11,Rabi,14.994828950544612,65.53734129847523,22.60781180148863,102.04171194082515,Black,Black gram
94.25590425341308,29.84661790214975,2024-10-07,Kharif,7.617418730001346,141.13671788845426,25.410657461439275,75.31530045519409,Alluvial,Bajra
91.27904032807999,24.861813457337952,2024-08-29,Kharif,7.3340668967216605,86.34571193972326,25.969627037772163,54.4263347798485,Peaty,Eggplant
76.78158069134938,19.219471895280336,2024-06-14,Zaid,14.949559940907932,99.63928750190422,54.68294113180475,65.30696189409034,Red,Coriander
85.68439235112626,33.053157244275894,2024-04-06,Zaid,15.605071154322816,102.05754256943663,9.700215334270911,13.603083113116291,Alluvial,Fodder
76.60390116605568,35.69319427066865,2024-03-16,Zaid,10.998064934230257,119.98338510235965,21.432125203480926,38.94093921502792,Alluvial,Orange
72.0740833933221,29.236457981720772,2024-10-27,Kharif,2.910536354048061,62.11577510681957,16.18244413490813,11.788592654091644,Peaty,Rice
69.65563292357115,33.02574986238814,2024-07-31,Kharif,11.143169083544214,90.11466551490732,33.41650105805705,107.94363505570462,Laterite,Fruits
83.51331627015277,18.159361128046264,2024-12-03,Rabi,16.629438237000137,79.62976526066413,32.26299158995644,70.57412306151308,Laterite,Mustard
79.68964173313537,16.66028927138933,2024-08-17,Kharif,9.28032458944394,74.88716153083307,21.1530954290837,60.22459678928493,Black,Onion
94.43654910857526,18.323064039168393,2024-10-02,Kharif,4.354584684794382,140.2507751748123,35.98933450142897,89.32736977218089,Peaty,Brinjal
78.11318805400273,24.206206857914093,2024-04-18,Zaid,5.332631731528486,112.26867394066275,37.257652738049664,84.41149888175018,Black,Vegetables
78.55000403272098,18.377263462199256,2024-05-11,Zaid,8.929589622350539,70.5045580136508,55.96874553453768,13.091877307857914,Arid,Sesame
77.33967558065538,14.906330890874635,2024-10-12,Kharif,2.0152567175221705,93.6365250351902,9.179567723318183,96.09638798753197,Red,Fruits
81.89685535507955,23.59089713713047,2024-03-31,Zaid,17.906007134667323,56.6646449366387,54.76845222076173,7.31566919228177,Arid,Cotton
73.4875876829868,19.1347696443259,2024-05-25,Zaid,15.460079756245873,89.15460599833948,51.813971829545046,17.699207112568438,Black,Black pepper
81.24816286198636,25.63046703231638,2024-01-29,Rabi,3.133769337815731,98.24745164423044,25.297985664851513,15.992183160565993,Peaty,Pigeon peas
92.31124537826099,13.004288992913295,2024-04-13,Zaid,15.861585826803218,142.1170701226067,17.865747138616626,109.33296742762627,Alluvial,Papaya
78.3669330303839,34.00668208538612,2024-05-31,Zaid,4.885375079905365,87.27885381929012,27.385097455657526,19.475175856203414,Red,Spices
95.30676068015968,24.691579546187334,2024-02-27,Rabi,10.823792321057965,59.09545886303435,56.23308637028632,111.32065765788501,Laterite,Groundnut
83.19369217427034,14.200994867866527,2024-01-29,Rabi,5.728115122740047,20.708877793664424,7.637762060328925,56.28511366339641,Alluvial,Mustard
76.56669384103321,24.415955787594683,2024-11-21,Rabi,7.994396026897794,144.34661861820706,58.596793316813695,91.7429000984495,Peaty,Moong
71.48475356189019,14.751582875349005,2024-02-03,Rabi,19.59521735873433,100.75027082948456,10.484499532422577,28.727466060313386,Black,Field peas
81.29282133784407,16.44014642684752,2024-01-27,Rabi,8.646832588145946,48.529949101258424,33.18507728819043,24.52115570240391,Red,Oilseeds
87.25049944467659,12.812761187104332,2024-09-06,Kharif,7.717553218664683,148.612719147184,10.06088041620575,14.757195986391858,Red,Eggplant
75.2904476851216,9.202570613919235,2024-09-19,Kharif,19.043216194809617,147.79842109636314,11.394023446461762,13.347439250280264,Arid,Millet
72.58330177515522,36.98876553346889,2024-09-02,Kharif,12.53734624978293,132.35537967588357,49.74780682021312,100.59333410699996,Arid,Fodder Crops
71.69814239508919,24.268895697916452,2024-11-18,Rabi,12.125808470074531,142.96259275950206,11.147011461743688,77.71971459852102,Saline,Spices
91.24899742314194,10.793561942670175,2024-07-17,Kharif,1.0064268334572095,113.15255663441589,39.52204060138253,85.47275002632497,Laterite,Sugarcane
86.68285172921503,12.661427793571278,2024-03-05,Zaid,7.623756172711683,103.18519457375061,12.112174580041975,98.90049231511858,Arid,Fodder Crops
87.21311385061028,12.466248383503059,2024-10-23,Kharif,13.719411471019582,137.27493310795415,50.36344825609399,57.737636531112365,Saline,Millet
94.54178792464916,21.678532942067662,2024-12-18,Rabi,18.635977353788714,56.7444727400461,38.239304383659366,103.02899555207263,Saline,Millet
89.5563976252473,12.161472442954233,2024-08-18,Kharif,1.5652885831403203,69.0895964754623,13.17818036599174,48.20483169938389,Laterite,Rice
70.71447355794315,8.06692608074568,2024-08-22,Kharif,12.935652441183477,129.02277069400645,56.65771220138732,102.73607962864169,Saline,Sesame
82.74872013935848,28.082481293697665,2024-06-12,Zaid,15.543465152378424,106.9814706421618,56.2188792122507,65.74443308688731,Laterite,Orange
83.11407350984125,36.05009864052245,2024-06-27,Zaid,10.195414457104143,49.911754864842,49.78493655605442,59.86492396003384,Arid,Fodder Crops
77.02913252525302,16.812721683174,2024-10-22,Kharif,7.6467055625195215,62.6620627488052,58.736914781194855,65.61479779640712,Black,Tea
74.44245064751826,28.382878264443946,2024-11-06,Rabi,5.040751290915212,87.66017340308487,46.70884462292782,96.31111229781814,Peaty,Oilseeds
84.45978708139495,30.799396175031845,2024-09-14,Kharif,4.107307199038087,32.044916232421535,58.16775208830393,25.37281684192336,Black,Sugarcane
86.44579465199261,23.429044486161118,2024-05-20,Zaid,14.902048489076805,89.71026402981143,36.96055959862939,86.8910128154392,Saline,Spices
91.94410043756265,32.53711619477697,2024-07-21,Kharif,19.124065223986488,94.62922153786121,32.95335907454812,107.11165907683669,Saline,Fodder Crops
71.13460202007354,19.252925175164435,2024-05-04,Zaid,3.700166134250055,48.44576690536519,42.56643665991038,80.8879290320933,Peaty,Spices
75.18675737331732,23.47891605431861,2024-05-12,Zaid,13.247167697908631,94.44917153532766,14.90442514929768,7.270988285586688,Saline,Cotton
84.17368842614499,24.831768677941334,2024-10-27,Kharif,2.7371034078031813,31.188687455669303,44.206640528581566,102.45461587386221,Laterite,Til
80.11552813320317,25.553859995133365,2024-03-28,Zaid,5.041019330538598,121.57086708059887,22.11028570872683,37.52965299116141,Peaty,Cardamom
76.73340027528215,16.636779450980764,2024-02-11,Rabi,8.791515618937574,98.98829936595762,44.100438261090886,47.25489797860972,Laterite,Field peas
90.48447229231775,16.535949970643948,2024-06-26,Zaid,4.584908188601459,46.13542573647352,21.476773326891948,112.32723785735047,Saline,Cotton
87.21471567340248,11.920303125244393,2024-02-06,Rabi,6.4762077948676495,88.54244780818927,46.645544638540976,79.40807740137073,Alluvial,Pigeon peas
75.0079689284965,19.739355056243674,2024-07-16,Kharif,7.325374415741614,22.91519458721073,39.74996069508791,114.15364682315395,Arid,Fodder Crops
68.74480778211733,26.083482901890807,2024-05-25,Zaid,18.254545100973008,72.52357333970807,13.106234868017003,92.56162145695558,Arid,Cotton
95.00499290617843,22.36982697733378,2024-07-29,Kharif,7.168680075902997,101.46532686286098,46.70262158920379,93.0523043823958,Red,Cauliflower
78.3829296255846,16.501970642898456,2024-07-23,Kharif,8.715728341377975,149.7608954279059,36.0479035659621,13.311746945388677,Arid,Millet
74.00996641549992,31.804072992476492,2024-05-07,Zaid,10.826060397771816,24.596451911240425,43.3745302628004,116.81090722447661,Laterite,Lemon
91.06852739886399,23.82347929400217,2024-07-06,Kharif,16.922344053835836,108.96210579921326,17.869953355564263,63.614196209990375,Red,Cauliflower
95.24568613947031,10.503254702152088,2024-06-13,Zaid,4.328204607520424,63.87130809983555,50.41061687157705,26.666703086892362,Peaty,Berseem
77.14945405793357,11.62683095730347,2024-10-05,Kharif,4.891301514858417,109.44060939133108,43.951981688775696,116.11621104673458,Saline,Cotton
92.8801707660707,15.248016052009506,2024-07-19,Kharif,19.439099442141526,59.11065119267791,58.17823815664635,7.240663247006864,Black,Banana
81.50207287802664,12.840354935404827,2024-11-10,Rabi,15.32727636090414,106.97236553741689,13.974940269427968,11.476883941638297,Black,Sunflower
78.46635599784325,11.615289780646703,2024-11-30,Rabi,14.107646041890725,124.89717015089245,24.64000638113189,109.65893403368611,Alluvial,Masoor
93.50188486994391,24.074235479966813,2024-12-05,Rabi,4.7603722459408155,59.119132329130316,20.279394152305947,106.86304516138534,Alluvial,Lentils
68.81444428874794,15.978538866332704,2024-02-22,Rabi,8.480693292504071,42.00966646694063,12.673034146947083,102.27623861832514,Red,Sunflower
68.96892003446541,11.760413283009033,2024-06-02,Zaid,3.0138883976089925,138.4095454157714,19.385860823620078,58.09601145520971,Arid,Cotton
86.18106930985033,16.697725405449557,2024-03-04,Zaid,6.5596581250085215,73.75937383451976,11.889413089380383,92.85575964028715,Black,Coriander
76.32161242648317,13.472195512424944,2024-01-20,Rabi,18.67209391113372,66.97519615524286,29.310963452397644,101.56085801917642,Saline,Cotton
91.90579378759442,16.672207984077758,2024-12-24,Rabi,19.769668890363562,86.39926472266822,33.18823549963756,10.983448044535612,Black,Sunflower
78.86550381708354,8.938758642197223,2024-01-11,Rabi,12.714924464568217,78.55643195798163,49.69990117606416,71.94903075512276,Saline,Sesame
88.3932849098037,11.997842848190498,2024-04-03,Zaid,9.649459985569418,33.144512621203724,55.57649013892708,25.269214479658796,Red,Napier grass
69.07183445714327,29.263221274607368,2024-01-01,Rabi,12.93323933946505,119.522706343446,48.030499239353574,96.95052216165996,Peaty,Toor
89.25778217224075,19.7796555772209,2024-09-04,Kharif,5.752441880374085,50.313750366421594,50.78508487946944,34.11461568518083,Laterite,Sugarcane
79.12916925865616,12.250571398806759,2024-05-06,Zaid,13.921341492371694,82.31536013349384,58.694817023959494,114.59498144889061,Peaty,Napier grass
83.29896948346433,25.372648908626225,2024-09-20,Kharif,15.104006632057464,64.49293815230553,35.88297056591066,45.27753816601145,Arid,Spices
86.90857512122342,11.938486654742377,2024-11-16,Rabi,12.065828833938584,140.9698178051152,56.050121932088764,105.95498704791933,Alluvial,Pigeon peas
96.50920145696621,33.92969715924424,2024-06-10,Zaid,7.934170134944386,72.57229098884648,13.074834513124364,82.9193334256078,Saline,Cotton
90.23811314965243,35.876273017822115,2024-11-03,Rabi,3.8537390359495207,111.64237074796027,51.127448502505125,85.94498541008296,Arid,Fodder Crops
94.17888547856671,12.947070188531344,2024-08-21,Kharif,6.704782533427638,145.73740068230003,48.126844876592365,58.65904266953564,Alluvial,Cauliflower
77.397436874304,10.672873399141988,2024-01-28,Rabi,6.751603446479355,104.22090522392789,9.310671194498106,32.79321751575894,Red,Matar
75.09639011253253,16.606714066218196,2024-04-06,Zaid,2.8716654223043223,29.161904453709347,30.789541851434873,36.0352672537631,Laterite,Cardamom
75.22964323075779,28.199404338559177,2024-04-24,Zaid,13.374584158063614,25.317919730182837,6.620229378023344,70.70808739740687,Arid,Sesame
92.26443391796583,36.62783480189973,2024-03-01,Zaid,9.243606329296178,75.55272727606325,33.154521039080976,61.72466851805485,Alluvial,Fodder
87.87013770501308,13.45881319006656,2024-05-08,Zaid,6.63777153569518,29.749103268245253,17.926174047463135,90.52123962322348,Laterite,Oats
89.6622122991692,34.014912877619835,2024-01-21,Rabi,6.947073090446448,149.00205861649152,30.722684770180475,33.96172441794063,Peaty,Matar
96.72200222274195,30.919159879294018,2024-02-15,Rabi,15.779042687217467,48.27805118341729,12.678879503851004,101.26516518152356,Arid,Fodder Crops
73.43400295159579,27.583961671881514,2024-04-17,Zaid,10.754869973248713,148.8095825489868,28.54061949990166,56.738495999229755,Saline,Spices
71.96455311580115,18.85674937628267,2024-09-04,Kharif,18.72070359830423,147.42548748486027,42.536361133586055,47.011849021890136,Saline,Fodder Crops
93.3028191038973,17.19729468889171,2024-10-05,Kharif,19.9775905503552,54.529035078542805,52.27047166080797,28.568653507622347,Arid,Sesame
92.17775171946953,28.85569470695041,2024-02-27,Rabi,14.44756434690135,45.14614054235862,17.64336902477902,70.18522075840201,Black,Moong
69.27037017176654,18.542021188709896,2024-03-27,Zaid,7.478260375899133,78.3267872818903,52.206387189502195,19.65388434241138,Laterite,Black pepper
72.48607709799157,34.729505366475834,2024-09-07,Kharif,8.62253016384864,119.15043868983552,56.70102365066287,59.077278407563114,Alluvial,Peas
95.40790955883357,28.168866067897575,2024-12-22,Rabi,6.2489126618532795,106.42912884597794,12.863217222742916,112.51567992360035,Red,Matar
94.68107362364631,33.77956846236033,2024-07-29,Kharif,18.923112482908287,80.97136910225902,46.963552674173776,15.371309051146214,Laterite,Coffee
71.52413868493569,13.696206630663871,2024-11-12,Rabi,10.208116689304067,72.37884624230827,5.080215708799975,28.638946133371984,Peaty,Moong
84.30102415374579,19.547915602530775,2024-09-15,Kharif,17.144440982270652,40.49383759452931,39.31446312722373,41.79697887616195,Alluvial,Safflower
89.98022246056559,24.769240167620325,2024-12-16,Rabi,17.978219227587193,25.935296745839533,8.538365338138497,34.19033171369196,Black,Mustard
86.62738508929047,16.97536943012453,2024-12-12,Rabi,3.9149792773148158,143.471828841203,23.860527507296784,82.24504974945303,Peaty,Wheat
87.3111896107659,28.7078332355709,2024-06-28,Zaid,11.149130668341726,112.72034893087162,9.555740105567985,78.77149611168792,Arid,Fodder Crops
82.85066397332287,26.739533192345363,2024-09-11,Kharif,5.320628800826999,144.60292552365354,26.448283917109507,105.79634085450384,Peaty,Cabbage
83.4764654670091,17.016415730585166,2024-06-24,Zaid,14.789764396642282,88.32814600572553,37.80856217176753,22.946225196153236,Red,Citrus
74.28598090096231,14.792242590932965,2024-08-25,Kharif,18.170676509120202,61.056371867053684,47.66354642374591,27.841882574066982,Arid,Spices
86.20041501673194,36.949332114402466,2024-06-09,Zaid,19.804594726733033,93.71878129049617,8.043320336530202,98.69536647710704,Black,Spices
88.80183319691844,18.526096370893733,2024-09-17,Kharif,16.776808620154476,32.54122818577175,24.472707761665184,59.807084020889015,Black,Sesame
70.32452188114418,36.252659164376695,2024-11-06,Rabi,5.934073557277607,49.69065499977515,28.430686948863727,35.702431945757155,Peaty,Black gram
69.5957106527609,13.888335168300701,2024-04-25,Zaid,9.675561827618358,139.8345710571316,44.76834417495642,86.60248958518034,Saline,Cotton
83.43237956523875,10.398008659335641,2024-08-03,Kharif,15.81684313802503,122.82984578905351,7.518693167335132,81.43960639693798,Saline,Spices
69.05069665059298,24.923594742740242,2024-10-14,Kharif,16.877405464551938,112.15118584891108,7.489520200593745,8.973385780705822,Peaty,Brinjal
94.15192254872402,11.855428915735434,2024-08-12,Kharif,13.945835438422865,49.60755826184467,55.4374097246689,97.54157495667374,Arid,Fodder Crops
82.47059173620654,13.942804160962408,2024-03-09,Zaid,0.9212044569533702,76.46951167291567,35.954702837619095,95.32983384782409,Peaty,Papaya
83.05220251403597,33.24421339861316,2024-04-12,Zaid,3.6327286458670174,64.67976049902491,36.90911004106165,92.23027349431366,Red,Vegetables
93.99219917832269,32.42111801201651,2024-09-15,Kharif,18.335653336390692,28.198032510060287,32.202842338328864,25.25093393685982,Laterite,Safflower
95.57558382701086,19.131364525631017,2024-06-16,Zaid,3.803854610422685,104.11388880101616,58.29007144188459,117.955814907909,Black,Fodder
69.88258333847052,22.92625775546235,2024-11-11,Rabi,3.673889236851929,114.79834955134011,56.76570302004392,19.282863785773223,Peaty,Green gram
96.32205547410854,20.39788812179863,2024-01-20,Rabi,9.620510519439465,47.2101307796701,5.192292404850113,66.5646773258533,Laterite,Chana
78.76799840067699,27.71317186434441,2024-01-16,Rabi,2.343125782840861,50.06052439036097,40.10266795361777,70.72111336359137,Arid,Spices
88.2288694539939,17.778870142010298,2024-07-29,Kharif,13.936709815995275,130.17502832896884,40.42312187852047,64.77808550855832,Alluvial,Ragi
86.98953513851173,18.167067884731964,2024-04-02,Zaid,17.614019255233693,119.22037738397049,22.948093541583756,46.33629529055708,Laterite,Napier grass
87.41754529212176,16.001578461063545,2024-03-09,Zaid,11.946379652932565,55.83424708066178,29.428494388816265,78.48178383329304,Black,Coriander
74.4297737244808,23.43811340074965,2024-12-28,Rabi,3.9860574008232565,45.765628208096174,56.78801899225524,93.11764851619336,Red,Barley
82.03059612845651,17.525548367397302,2024-06-23,Zaid,14.789888621044401,49.44904555448161,59.6531925563258,114.06641863428639,Alluvial,Cardamom
93.92346695675097,21.814113411910267,2024-07-21,Kharif,4.687945262422766,108.18881498899015,8.657165053226118,92.81571499326435,Peaty,Cotton
69.26295113381614,8.578082967674288,2024-01-13,Rabi,15.175190065014595,56.74122693666853,56.21168420164621,29.657958044159297,Laterite,Groundnut
86.09368586778797,18.54736525189506,2024-11-24,Rabi,3.7978743528485186,57.94001881257011,15.905210132883898,51.963554188166434,Laterite,Mustard
75.80820678596037,35.26894037166567,2024-12-19,Rabi,12.262118348423568,88.3948407241457,50.56092912997801,41.36812101085768,Red,Oilseeds
79.14435446382946,9.71765743504268,2024-09-25,Kharif,7.212899852662884,80.87696243614221,22.734017753734985,116.59071818391894,Laterite,Peas
90.35762944922728,10.60809815290008,2024-02-11,Rabi,1.2230615835868783,132.30342752935675,40.26994425522081,66.50341307893872,Black,Peas
94.41313400646726,34.56535713989071,2024-10-12,Kharif,9.594850658050767,142.28788767010934,5.868165061265587,51.76270230052001,Peaty,Banana
87.66410947020995,36.33194504549713,2024-10-06,Kharif,1.5792959236879038,22.556217048914867,11.930289883358325,67.0880392602304,Black,Eggplant
95.41037020526107,11.688347840048088,2024-08-04,Kharif,4.949659209601833,80.74389733687205,7.297898455480742,52.15655717644041,Red,Brinjal
72.66393709585233,21.729441708497596,2024-11-28,Rabi,6.5983537798943015,115.12941577360478,57.28106147772233,105.57017977298581,Saline,Millet
71.19686188655142,21.245616407966104,2024-03-23,Zaid,2.0346554669211314,50.998534993244284,56.78449256683994,43.87464690249678,Laterite,Pomegranate
68.08774167146828,23.863241836797126,2024-09-16,Kharif,2.1280678703542644,45.65232655757889,16.613382963936083,43.6894068222563,Peaty,Cauliflower
76.52408029129543,20.79448860077778,2024-10-15,Kharif,14.843010062244112,33.80219026272971,33.983667555365905,41.27723477952741,Red,Chili
89.31590791684305,27.1232059849012,2024-09-02,Kharif,17.675831198253398,144.94283436147464,12.745337477749015,112.76339674960413,Alluvial,Mango
95.47852710201703,25.247060786531307,2024-11-21,Rabi,10.901818613197955,21.440122196407646,9.208359187162245,29.16121557327954,Peaty,Toor
96.75441337308177,27.09819225077615,2024-11-23,Rabi,15.04915227338624,143.55323435439746,37.03854868843071,74.9993630138829,Saline,Fodder Crops
76.2295855883646,21.99855021354894,2024-03-26,Zaid,10.046652815320332,129.54012927024866,29.983393323501637,66.77098409584951,Black,Grapes
80.56461951807239,11.298859798976917,2024-09-26,Kharif,8.03994286016361,22.28734698171422,13.825955503484877,53.093315751300985,Arid,Sesame
68.32345315788254,29.2940089331506,2024-10-31,Kharif,1.0946490761814562,84.22925908940313,11.756559954947,71.14808065067758,Alluvial,Spinach
74.63144317496915,24.808692570848805,2024-05-12,Zaid,11.863609131804838,144.7206759279453,48.50321566005705,101.13527475757557,Black,Vegetables
72.09279995439402,33.87022357168477,2024-01-11,Rabi,9.835075502320002,110.78937201167282,6.753993294033437,50.19798302298139,Black,Toor
96.35403363061702,36.39308602040207,2024-11-21,Rabi,14.83437936437039,129.7009821497178,46.08204116092276,53.16014017993139,Laterite,Moong
80.02272460315712,10.427715482657746,2024-10-20,Kharif,12.478296007275762,73.35210152790876,32.53096220458626,17.89581744616651,Arid,Sesame
68.4375169489277,23.428086425989434,2024-10-06,Kharif,16.765399822868876,105.05604498807169,43.47656608157712,14.525344863689936,Peaty,Tea
84.6989054613887,35.04235071217657,2024-12-27,Rabi,0.668799696479464,72.53754675823214,15.912934721038926,67.47281186738195,Peaty,Black gram
78.21188397508655,29.723126241174864,2024-06-22,Zaid,5.736073540214234,149.91588164053968,42.79805050580678,60.68211121229213,Alluvial,Citrus
82.39958457373532,27.161664198683575,2024-10-14,Kharif,9.579651916339044,119.60191284808724,29.28027645325268,108.92782804273546,Black,Pineapple
75.14740040460767,22.75166624071145,2024-11-17,Rabi,2.6615711896618697,64.92215158261806,24.34688375758994,107.90650217513091,Peaty,Moong
90.21644748069531,12.597603998332707,2024-08-11,Kharif,13.36930868759143,45.496043993778315,7.907145338428993,84.19779314884455,Black,Cabbage
84.07072056411234,24.955417305722186,2024-01-21,Rabi,16.708358860106507,57.140048421033285,20.07097582231431,114.71879912816892,Peaty,Masoor
88.88110650849882,27.84104933620676,2024-02-08,Rabi,18.479023125207,72.32119356975846,34.285367210946035,47.81542855726559,Arid,Cotton
68.03939159667813,19.261178291356305,2024-09-25,Kharif,2.189057736844753,79.65554507122306,44.15175083652567,112.74865991066525,Arid,Fodder Crops
68.65338057294692,23.53731898833744,2024-04-07,Zaid,12.235910961326246,27.275094770285882,20.356430790969156,23.14185603341146,Peaty,Cumin
93.39452459480086,24.277289832053402,2024-06-21,Zaid,15.042977345051405,62.7439976927373,35.90599462014954,8.616193423982477,Saline,Fodder Crops
94.57569598103245,30.58935907947553,2024-08-09,Kharif,5.126608917287284,54.28236077609317,13.251787812602736,45.08482504783291,Red,Cabbage
90.82246830890954,30.188504406217202,2024-05-16,Zaid,7.612430170185869,74.56187969410192,49.25350183417832,110.51654431305877,Black,Vegetables
93.80883605214585,8.39472808352951,2024-07-28,Kharif,18.652009426654217,136.95467983674695,35.798944508336646,89.28476685390744,Black,Pineapple
85.56230591642387,11.813679411041608,2024-01-19,Rabi,10.024158912974604,70.33469096627312,51.96682089053799,30.486321693357876,Alluvial,Groundnut
81.14743424403835,26.821661004262495,2024-09-26,Kharif,19.649694660398197,42.17793873406866,52.21443899578639,20.378093585636297,Arid,Fodder Crops
90.50239488379287,17.603447005109917,2024-08-04,Kharif,11.291835870369901,145.3378479236822,22.878538699353438,79.83733470568596,Red,Millet
94.81589400900128,28.801753018669952,2024-08-21,Kharif,7.392874952380022,89.544735999585,57.50702189976871,57.00483809236486,Black,Lucerne
91.60172627229481,29.01685337061031,2024-10-17,Kharif,14.674467254511665,134.1025745218609,12.402032909146772,95.33223694119523,Arid,Spices
87.70039279585734,23.979479766798327,2024-01-21,Rabi,15.702260418971337,31.99476340969636,20.71063239209658,11.941957652975027,Laterite,Field peas
74.31562855077298,18.31797014766497,2024-03-25,Zaid,0.6794555317220548,115.60155660553966,53.85330045106373,35.09735798124093,Saline,Fodder Crops
80.50173263917438,35.139414497698866,2024-06-18,Zaid,6.253267930827747,86.05115119129097,50.453419367157494,93.57032553786527,Saline,Sesame
93.0097983143762,19.821031357419947,2024-11-06,Rabi,11.90620560842381,20.10371016589257,23.413636626482116,64.3845091146723,Saline,Millet
70.29690363706551,18.368858790636693,2024-11-01,Rabi,13.525668950041405,131.3401977164159,31.489615317833152,26.38097006830923,Arid,Spices
94.88213427241537,33.08864770329876,2024-03-03,Zaid,19.975911226591435,79.64577835254912,52.569848929011044,16.95610622500648,Arid,Spices
75.95292409712788,22.91753851284042,2024-11-01,Rabi,5.343521825072666,140.01030382979286,16.10330984077399,42.76149596185726,Laterite,Black gram
96.48776508657595,16.039456756791733,2024-11-27,Rabi,12.065889850101325,95.71987257670145,28.327604828912477,14.85215770191772,Black,Black gram
72.95251172993966,32.74885786833856,2024-06-25,Zaid,12.620383822555215,97.40598526409096,15.392340247962297,32.99856111612742,Alluvial,Spices
95.64470793371726,11.740786679857159,2024-05-18,Zaid,19.763134239343515,114.84647404314642,28.769528619532338,91.51811538334859,Saline,Sesame
74.79014654246049,33.35207518006027,2024-08-10,Kharif,12.202571747187188,110.50091747908156,45.773395426588834,89.14678361193911,Peaty,Spinach
82.3923437616796,31.83167022505143,2024-10-10,Kharif,5.887020169095784,115.66916748803794,50.17104694638439,22.24641320267492,Alluvial,Spinach
75.89239664668497,12.628923475789673,2024-08-12,Kharif,2.8701471910741283,30.505489298391332,31.66305259394884,85.35631457055423,Peaty,Lucerne
85.05356474583814,10.958444787503021,2024-12-21,Rabi,3.729935039269921,28.428653050231887,31.97704171424203,51.322360497711756,Arid,Spices
81.93667070265465,25.079692906229095,2024-04-13,Zaid,18.465815738831264,107.24892189793769,23.12213590571294,96.64592407252482,Red,Papaya
92.27210550200056,8.493404573983469,2024-02-28,Rabi,13.653211244556529,49.365150829396654,12.825604429708484,61.27407125837166,Saline,Millet
95.78893066298025,25.08704295816542,2024-05-08,Zaid,16.56445175658725,80.1429831320431,15.024947305538948,8.953827211959036,Saline,Millet
83.33841890759881,28.185418918284444,2024-05-24,Zaid,3.354403556510523,131.10390274949265,43.562825310175995,82.32124926826819,Black,Napier grass
70.92735647095905,22.092383687787645,2024-08-24,Kharif,17.535766510362745,140.10637347868155,28.384793805102294,101.03422509350882,Peaty,Ginger
87.44267986086268,13.699359449870936,2024-06-18,Zaid,9.959876557969668,67.12009734886604,40.14473806540719,118.91930046564907,Peaty,Cumin
83.78910138306942,20.174160722003435,2024-03-03,Zaid,10.693049016103272,46.396132911018334,54.68266750785841,115.4558918000459,Peaty,Turmeric
93.30016092858645,13.650543365707211,2024-06-04,Zaid,8.581254250315931,86.01344817668975,41.104726378895734,69.37349450086043,Red,Orange
75.46025382091688,9.062596090827121,2024-05-12,Zaid,19.853640898905695,59.86128598414375,21.871392235724613,119.5958882627541,Laterite,Berseem
81.60778852046616,13.505301454213201,2024-04-06,Zaid,3.3701220087391968,52.51882610031717,6.825882693189319,56.323073228964226,Black,Turmeric
96.7363209299389,16.922853233252106,2024-07-14,Kharif,3.298443929863882,86.23155004404823,46.73079020703132,19.322700917330593,Red,Ginger
81.48327476897748,17.43550719580674,2024-06-08,Zaid,6.890860286193219,84.37871224692675,49.799560812140896,68.02328995495648,Peaty,Berseem
88.31460443893349,35.26504929995487,2024-04-06,Zaid,9.4359289330031,70.39144552825391,53.22729501960334,74.13184847682213,Saline,Fodder Crops
75.05835834258396,15.6236691038409,2024-06-27,Zaid,18.383694492171657,48.07800148772494,29.701766829101054,67.17435631131124,Arid,Spices
78.2376897879206,17.399625616322993,2024-07-24,Kharif,1.5190013692748678,27.228069288230223,30.22027030945453,98.59741486910167,Red,Jute
86.14723417133104,28.140501822534013,2024-11-24,Rabi,19.83729749315783,42.09167867018478,8.198176529766505,116.8427984025792,Red,Peas
90.46241016972435,31.749340750181783,2024-08-24,Kharif,9.82771690558448,57.766172698515796,56.0062335479461,47.08138550763314,Black,Garlic
95.18600800934006,28.06912691384286,2024-03-26,Zaid,9.688601360728603,123.01288781999915,31.00422507332404,63.08903694393022,Saline,Sesame
82.97017034235911,17.649013450568678,2024-09-29,Kharif,3.331658179400521,34.927195261716264,38.32938960487232,72.26649786623987,Red,Bajra
80.19835110787322,19.266801005021545,2024-03-27,Zaid,13.768768400053785,99.66764868197323,43.38341317106459,21.846660143797433,Saline,Millet
86.35301343959443,30.7737705772156,2024-10-14,Kharif,10.171085771059156,149.22425004010722,34.599432741561245,25.306609234942044,Red,Til
81.17750920892995,27.55855257044998,2024-03-29,Zaid,18.21235658575007,135.06681786487235,51.186490960102816,101.56836476805677,Arid,Fodder Crops
70.02842683471204,10.51077670668818,2024-05-02,Zaid,18.711351902007397,98.08451972975321,37.2381469959653,114.6759420185937,Laterite,Fodder
79.7289237347807,22.24627341672088,2024-03-19,Zaid,15.462360719523849,75.3548829407511,39.59354733787905,19.49132390763195,Arid,Spices
80.04781241334813,33.973088557083926,2024-12-14,Rabi,11.960305276251415,135.46252297268614,51.5639823294509,77.41015803514213,Arid,Sesame
71.1384873272282,33.862434838315565,2024-08-25,Kharif,2.0239358104181218,121.77545047465755,17.649076500479875,113.4723605960958,Alluvial,Cabbage
84.59116000214131,9.858505461657254,2024-04-03,Zaid,13.868646295769365,65.76326824192635,26.489602557853864,112.24293647753575,Saline,Sesame
78.2216782266616,11.49347808048605,2024-12-01,Rabi,12.10429671618162,117.97496292498067,36.17445810789662,87.38730989839327,Arid,Fodder Crops
92.18732107474624,12.639212559316496,2024-11-17,Rabi,16.93249828865355,124.15276948393705,30.277035628185992,57.68648067071114,Red,Chickpeas
83.89050096853784,8.814165157844517,2024-09-19,Kharif,11.048494118814434,29.567123056783146,24.587922261783724,77.20026749455162,Laterite,Soybean
94.71439775459223,34.429339797986515,2024-03-21,Zaid,6.898465539085136,98.00641350974931,44.690322250401415,28.566395979265575,Red,Cucumber
75.01706166215241,10.885812468980138,2024-04-14,Zaid,14.687198409211394,107.52294375338023,46.17823484517202,51.4445991178038,Black,Berseem
87.75990664950058,10.24100603973959,2024-08-24,Kharif,2.367168216960324,77.40636900564411,37.4279439923508,103.96069748829827,Red,Soybean
78.41438086529686,17.195928421110125,2024-04-02,Zaid,12.217973593047029,145.32942672424724,51.42196919798692,19.196759584136828,Arid,Cotton
80.19602079820478,15.908725005667147,2024-03-07,Zaid,19.905523746298822,80.50862274193389,18.376096376030574,103.30682117523284,Saline,Fodder Crops
92.1365124017538,17.44226939961581,2024-02-04,Rabi,11.699033738823012,87.34806179207176,41.83506327387456,79.59619672329364,Arid,Fodder Crops
70.59339563897386,28.807294732796738,2024-08-12,Kharif,8.599906349922055,105.50043110195432,51.32477963916295,54.08674919560597,Red,Jute
73.73857995216059,35.73673247867589,2024-07-08,Kharif,14.279728301396618,91.03179709237361,43.75579668196262,70.53922815645353,Red,Eggplant
96.98552224632007,11.57900283943371,2024-04-05,Zaid,9.29998267976104,130.29339258394594,40.909710658472086,82.11835121738984,Saline,Spices
87.95066649133159,29.6123725837142,2024-08-06,Kharif,18.477392511186782,112.09411616109004,40.694996285680595,50.05369297784308,Peaty,Onion
95.24492907819874,22.069839751845187,2024-12-13,Rabi,14.152549003535979,58.201916017100274,54.415782253277,20.800317330716528,Alluvial,Green gram
75.51944290605587,12.202729675436952,2024-01-12,Rabi,11.604067607961962,107.49869558914529,32.593785773933284,103.72928960008402,Red,Wheat
85.42921459454666,17.36360762590607,2024-04-02,Zaid,12.947826130574578,87.34763832957859,43.56772590029571,112.17630549609133,Peaty,Papaya
94.44281674021383,25.593062493590992,2024-02-05,Rabi,12.621380272987444,22.43457115991881,21.974166881401576,59.19684154536439,Laterite,Green gram
83.63277128953024,25.933864061952654,2024-10-25,Kharif,11.81131287433855,136.80174077336665,33.70895902389768,100.86094349272302,Red,Cabbage
78.70580542102121,35.68120860838157,2024-11-01,Rabi,16.464293225680656,69.46838835375446,5.453799855194859,44.0040013601529,Saline,Cotton
79.22883639361228,16.29467115232874,2024-10-14,Kharif,13.527894028881,26.549118344364402,32.48176790208908,119.37171206219925,Saline,Millet
70.2478649527689,21.29660127528338,2024-02-08,Rabi,16.118035652405673,32.527004004530056,23.387910227810004,7.6432831967571495,Laterite,Matar
93.38999254644571,29.94673172800778,2024-12-18,Rabi,17.056452050776464,137.28430120985533,33.44627116067956,30.658338312128063,Black,Lentils
92.35588419481252,25.598274182098343,2024-11-09,Rabi,9.825108281260102,30.995615831579546,16.70967098558631,85.02101102481761,Black,Masoor
84.79587843942197,11.549958295575607,2024-06-12,Zaid,4.53476716623633,25.11240366736813,13.442601352213533,99.5645323086236,Peaty,Turmeric
95.02013147484236,30.303810595161874,2024-11-07,Rabi,18.968615256972505,133.58888683449177,47.98610434148362,95.53003862029857,Laterite,Wheat
77.09055606039706,25.866797618697024,2024-08-18,Kharif,5.054870109665881,143.04405798114098,38.204956400412044,32.949915039676696,Red,Sesame
92.1241322170213,34.833137022018484,2024-02-11,Rabi,0.657405489027663,140.12343068495375,53.27251145226407,21.46346527968833,Laterite,Groundnut
85.06353526424834,34.32965492212384,2024-12-20,Rabi,19.904612532460618,123.90641326578924,17.45711303146991,25.439055447064803,Saline,Millet
87.04761666045734,13.458629919638499,2024-03-21,Zaid,9.342649624761082,114.32048257316036,6.947401382609687,69.22535473707607,Alluvial,Lemon
79.54099870355121,32.11762922335541,2024-09-07,Kharif,2.4379986968440974,106.88381855104295,8.35146603158437,110.03830899773382,Red,Sorghum
74.19055820414812,17.241098810860322,2024-06-15,Zaid,17.79096146374614,22.6035689856463,37.170310927653034,7.67550968782365,Alluvial,Spices
85.30747984628155,31.806026468126163,2024-08-12,Kharif,15.224178716320235,131.01380843806186,53.704916065688394,81.0610961526602,Saline,Fodder Crops
68.60901839248135,36.10970139695244,2024-11-25,Rabi,8.097699414015937,133.09603939303338,50.53743699542966,78.10075383112031,Arid,Sesame
71.99500672953351,32.33124335908992,2024-06-28,Zaid,12.09646241556352,95.500858436303,13.471782989878053,115.77230609320709,Alluvial,Spices
81.91668068203757,26.5004017224931,2024-04-07,Zaid,3.5619215757152327,42.5967117523659,22.65956078729512,10.56644980043696,Black,Citrus
82.37881983398921,26.26168971701049,2024-02-08,Rabi,17.042679926591077,137.8754120224773,14.418817285622167,35.91624606093891,Laterite,Lentils
73.78866500381639,32.28113077898347,2024-02-22,Rabi,18.37437474733978,103.79729392098982,19.16636502286802,30.350481961455152,Laterite,Barley
88.96605250712665,33.36281569061657,2024-11-10,Rabi,2.0129752922594504,142.4992263149652,21.653827603163048,108.43084199635129,Laterite,Chana
76.38015734485525,13.045913947674729,2024-10-09,Kharif,3.9521701773567246,85.15951367036624,24.701849240203575,25.892827360374866,Arid,Millet
86.8427112365852,19.928930670969116,2024-01-31,Rabi,4.49916792522669,139.01218306916456,50.348854025468746,49.970653168512115,Laterite,Chana
70.12465778646553,8.93408708497961,2024-11-14,Rabi,3.8462506380307033,126.04990997957594,40.15452012672888,52.93678077641953,Saline,Sesame
77.09750358536233,13.91776034542368,2024-03-16,Zaid,6.492925183041931,137.05342783675349,45.35770912411156,99.45556862588882,Arid,Sesame
68.68804373817667,10.02804148995667,2024-09-29,Kharif,15.953672568874412,128.22886588221252,59.726966357876755,77.46949359809025,Peaty,Cotton
90.79750896229334,12.277565079679226,2024-02-15,Rabi,17.190490568266487,66.35256465196505,51.67129431347227,16.575985913196206,Red,Lentils
71.88318713534326,13.502996570168662,2024-09-27,Kharif,8.635735026755237,95.36264871688195,28.56119330928068,13.953716294516529,Black,Cabbage
82.58381816451522,28.043093769274574,2024-04-29,Zaid,19.771689404877463,51.84111405652058,15.330685760587842,109.80966137039023,Peaty,Berseem
76.32137053237408,33.067406486144804,2024-10-01,Kharif,9.982198255099899,145.27855942912367,31.40895357867004,12.723072205556644,Red,Rubber
89.16587166830821,35.28453604873508,2024-07-11,Kharif,16.40148697394488,74.18459860404307,32.86351880710528,72.55628574534414,Saline,Millet
87.23007734879431,27.43376181570346,2024-02-03,Rabi,8.450818834425018,77.96407422092415,16.05315902286329,104.6928260427242,Red,Barley
88.19650149699447,15.212858224791578,2024-04-26,Zaid,10.108092266008008,127.83241889805367,34.572565067697965,14.110922847811437,Peaty,Vegetables
74.91077520734117,36.3419537728394,2024-11-07,Rabi,17.433303843816073,49.79132758382689,22.31319860617394,35.045898787042596,Black,Mustard
69.97927700057328,14.722237471715923,2024-12-08,Rabi,8.139365400322607,146.30773706564298,50.18686083029457,109.1385157140222,Peaty,Groundnut
70.99666366086589,30.606857477135332,2024-11-05,Rabi,5.855127650847259,20.716483568290798,37.56383572662307,119.5186080140434,Arid,Millet
70.34052035669909,14.305706155841433,2024-08-02,Kharif,9.297561794304292,107.14273108605735,43.98961776130754,83.83664422500031,Saline,Spices
86.40242183868077,26.25823936442969,2024-07-21,Kharif,10.247535348098447,42.11019671199794,58.74483183881314,34.80400822954118,Laterite,Chili
70.98838516199758,22.06451784211742,2024-12-28,Rabi,7.299466568024866,115.26208273160864,45.5007171111542,49.71801361907467,Saline,Cotton
93.54300409481053,8.050652857427776,2024-03-14,Zaid,3.3738381458099025,37.416373333425135,53.08144974072912,18.663620177389276,Peaty,Pomegranate
90.12893522413599,18.236171575916703,2024-01-28,Rabi,6.2367813231802085,70.29851181427324,26.308990963402117,52.4819026262829,Black,Peas
72.4344412456484,34.626188617779476,2024-07-20,Kharif,2.520668004062233,51.89538888788813,41.068283575535304,39.12830998432677,Alluvial,Sorghum
70.02967301955394,27.779562312004995,2024-08-25,Kharif,17.628919849195395,134.09349203742576,48.606908109583486,15.989201133334783,Alluvial,Cotton
93.85611609271137,8.655660161127802,2024-12-27,Rabi,6.12634546804428,55.79974058699612,27.931343015912816,114.58245992747894,Saline,Fodder Crops
91.17320430443522,30.068046576683535,2024-05-16,Zaid,19.56778564356964,69.64656788640717,5.315851240424241,71.63816362233806,Black,Citrus
69.22724227767388,17.122836594125822,2024-01-03,Rabi,8.304951758712324,135.46178711516558,16.300218567190292,72.90266603470803,Red,Lentils
89.297758326597,21.46903593807497,2024-05-27,Zaid,14.538036411101695,129.24439659929027,9.043530174464731,90.56905874881606,Saline,Fodder Crops
81.32040348783676,25.527802373477822,2024-02-18,Rabi,0.7588891329130627,61.97179938220819,59.42838122042626,78.88913419746687,Peaty,Urad
76.03350569549345,14.06649832998195,2024-09-09,Kharif,2.0687575299136993,112.27815125502264,30.705108764305493,54.412627227411086,Black,Sesame
68.33308674050451,27.768436496148762,2024-10-05,Kharif,4.525357226527345,92.58819260232993,41.29309181242265,111.9885131437565,Black,Til
90.3563132739318,24.920461751745023,2024-09-07,Kharif,17.724816181784767,54.95241318490711,14.750721168838693,19.938095668005786,Peaty,Bajra
85.23379649805615,13.325463938661184,2024-12-24,Rabi,15.614992192412739,26.00028266474836,49.65745878739414,109.24157343411264,Peaty,Urad
85.82981561151558,12.877697840001058,2024-07-08,Kharif,13.840425088541433,42.61664430677341,40.7552866494473,13.956897942436296,Saline,Spices
70.37043948152179,24.490205853610686,2024-11-11,Rabi,13.291419932628036,91.99188202493637,44.15241597799636,62.69968638437886,Saline,Fodder Crops
75.52886812338429,15.931738050200543,2024-01-28,Rabi,7.3443434349586765,99.29449424765558,44.17734603138489,34.50125487630703,Alluvial,Groundnut
76.14040601260324,18.31492435869742,2024-11-30,Rabi,6.444014288989315,111.06356377158613,36.76822417719596,59.2998487504411,Alluvial,Groundnut
94.6504967429513,17.250912540942647,2024-04-23,Zaid,14.084736095627337,125.78972805209757,8.340816234924837,110.19551079440853,Red,Papaya
69.70899155252629,8.11170383050181,2024-06-15,Zaid,2.100295832060843,88.21139799516845,51.71906369875209,110.23439650594305,Alluvial,Citrus
89.42872142172706,21.734078028406135,2024-04-11,Zaid,12.243526356255051,132.72101408683315,52.71705694702756,14.068834360805889,Saline,Sesame
74.75845622251401,9.430421865825522,2024-07-04,Kharif,2.506284456672544,117.93179481445169,25.826499149382013,113.20599337487619,Arid,Sesame
86.10586613720835,10.610207952947672,2024-12-21,Rabi,9.079635994903551,69.36445181946232,17.912723340197694,109.75546160346406,Laterite,Mustard
71.86629611011962,27.86736387636117,2024-07-15,Kharif,9.638541911119098,52.652288622905154,44.933723545250565,21.6335371671304,Arid,Fodder Crops
84.3107713884624,28.04986329563414,2024-07-11,Kharif,9.968512884356304,66.69339323252947,50.70067346008883,90.94120220633425,Saline,Cotton
85.74306497765282,13.129626025958377,2024-09-25,Kharif,3.838345506803739,116.7242444256775,28.196635895873218,5.2744791611397615,Peaty,Fodder Crops
76.89361868798854,11.593292671031634,2024-06-22,Zaid,3.2866272359827846,44.7460919267935,36.10892841049811,65.81234885304089,Red,Cumin
93.40438636806088,15.997884241372022,2024-08-16,Kharif,9.085676622885575,59.485709647735355,35.35748822705375,91.07107653522318,Arid,Cotton
76.70325607264884,33.04700821991014,2024-05-20,Zaid,5.945439376501053,61.18908309840409,42.01535658051755,63.00839629111189,Alluvial,Orange
77.5857104863923,24.805849284565245,2024-06-14,Zaid,19.275000660241787,72.74318804732755,16.998765855789244,119.1744050401479,Peaty,Orange
73.51209885194903,19.13119791508766,2024-02-27,Rabi,5.138371652492188,83.57783836653552,35.719331499700345,19.024663432075236,Alluvial,Oilseeds
73.47086629783249,9.823387588730633,2024-09-07,Kharif,9.973519161634696,64.38304595192764,8.266922543169363,64.1819309143612,Alluvial,Tomato
79.67276752243892,34.93663840083137,2024-11-18,Rabi,4.966498409937759,149.46354066286537,20.711657670243774,47.303355771548624,Red,Matar
96.90564628406105,9.067097673929053,2024-01-17,Rabi,10.248560167512046,47.85464795533754,14.555767489831291,64.67663779114709,Peaty,Peas
68.33260289265701,31.339321350599917,2024-07-25,Kharif,18.754004317140144,20.709722680638603,24.47462153070403,23.94288099914218,Saline,Sesame
91.6962334860994,13.45101804627125,2024-04-19,Zaid,8.099201914081931,81.84028281468098,43.71505663351343,92.06001708551679,Saline,Sesame
94.8005700283083,12.473335008811127,2024-08-16,Kharif,12.131785642311186,140.7144846849069,36.748107922951554,33.063483281490676,Laterite,Sorghum
95.55161506574197,23.751838367854994,2024-08-16,Kharif,14.338652290240075,60.57168912731301,55.44849144128113,114.0197960151851,Black,Cotton
71.08730956339986,27.66002194271125,2024-05-12,Zaid,13.068999808765454,55.519709662818165,25.890551495278782,101.20736529033529,Red,Citrus
72.19715232811457,29.27943137405026,2024-07-08,Kharif,14.081252724838324,69.86644341518121,37.29466517470425,96.0942941899392,Red,Cotton
93.97069267351733,22.502166422702608,2024-09-04,Kharif,8.345803266456375,27.754395980081828,53.51529940550182,32.504740346676584,Peaty,Pineapple
88.7233307544139,8.604553694921076,2024-07-17,Kharif,13.117787266803983,24.845175813471627,11.12054545657777,66.61888251909218,Laterite,Sesame
94.55385854421813,32.28790219792037,2024-06-16,Zaid,2.5000459711543956,101.30771429931369,35.053595429901875,95.27592148629567,Black,Turmeric
82.7128533021522,24.879657147496868,2024-04-13,Zaid,15.957381655713775,35.40643275794322,48.82601134604713,40.46102617030665,Laterite,Papaya
68.33975763632111,10.295093684237784,2024-01-31,Rabi,11.206808246543918,125.35737747086243,29.78362774275823,72.46606291825844,Saline,Cotton
91.64695215230788,17.415154195068205,2024-04-22,Zaid,19.36329859780903,80.8702779112009,9.62613516605644,111.36238964124189,Red,Coriander
70.71798976882108,12.11716580461545,2024-05-23,Zaid,14.518344526539328,30.887270469100372,7.115169320643393,38.96930534682093,Peaty,Cardamom
88.82294367327755,23.72184723480737,2024-01-31,Rabi,16.061043237917424,108.15587060486297,15.929698492998272,39.718748943923224,Peaty,Peas
83.46837838931388,21.384656208325868,2024-02-25,Rabi,3.878402937207844,22.634949076096035,53.96430664705046,59.89804483920172,Alluvial,Green gram
85.23356987745561,28.694087408576745,2024-10-18,Kharif,12.490281369879915,47.54211007943516,25.07518783336997,76.16464017207419,Black,Cotton
87.20732907759998,9.99093555750682,2024-02-14,Rabi,17.547246918606486,87.88224677123385,20.43588844608145,71.02672065998308,Arid,Spices
84.75160202056043,28.919193291497415,2024-07-18,Kharif,12.464538418713337,148.51881989882975,51.67543727612887,20.175426312178494,Red,Bajra
80.67212080715743,22.140800642151543,2024-06-23,Zaid,11.718321325064405,94.68549106353939,48.294049593483436,7.554965165502809,Saline,Sesame
88.02031000546637,23.86289929796539,2024-09-11,Kharif,4.906271289103962,113.176346015154,27.821872370022426,57.00253374731105,Saline,Sesame
72.98792350156978,16.22539599923339,2024-10-07,Kharif,15.55669667619165,138.0471042814873,51.380729612035076,73.46767329843051,Red,Cotton
76.73240561461334,9.735677954969997,2024-06-21,Zaid,9.983229020509915,103.43487089695971,9.89475634468817,45.83730339096661,Black,Papaya
70.7363158566679,26.065426927055924,2024-01-04,Rabi,9.09964440113705,146.54127169064623,15.50383859893644,97.82622634055072,Red,Toor
86.37609153290452,35.03545155721192,2024-04-19,Zaid,1.3930522602371962,140.27791561025174,24.59437968413125,52.400290203027154,Peaty,Turmeric
70.48472830861775,11.615535505155862,2024-01-11,Rabi,11.635090530942415,106.19323841749195,24.321718814648523,52.28331613238715,Arid,Fodder Crops
81.5979387369111,30.034556436565016,2024-10-16,Kharif,16.15746790122305,143.46150372365685,27.5802215135037,65.71102421763489,Peaty,Tea
77.9918311038645,14.452329684896807,2024-08-10,Kharif,15.873895389758454,78.70942820646732,37.779733906202196,66.17772514544357,Arid,Cotton
85.32053147141292,10.268055379458207,2024-01-06,Rabi,16.890510677790818,114.6837943208627,29.08105563712102,11.367150070520182,Saline,Millet
91.3775198517533,18.091329278365606,2024-01-03,Rabi,12.634400656166815,59.1484692963705,19.377548728242136,30.121362864957483,Alluvial,Chickpeas
90.92084576338881,13.657525002477469,2024-07-17,Kharif,6.421568624380118,49.32704392522138,17.771284568367864,115.80752367715458,Peaty,Banana
84.5998022953786,18.47381213430285,2024-05-20,Zaid,14.221119384900376,137.49992083245456,11.83580829338349,110.46604819377386,Peaty,Berseem
72.37527844985154,35.37532300537173,2024-07-25,Kharif,18.281230410957733,41.18803509076031,21.941475641887063,24.588139142371794,Arid,Millet
